<?xml version="1.0" encoding="UTF-8"?>

<faces-config
    xmlns="http://java.sun.com/xml/ns/javaee"
    xmlns:xsi="http://www.w3.org/2001/XMLSchema-instance"
    xsi:schemaLocation="http://java.sun.com/xml/ns/javaee http://java.sun.com/xml/ns/javaee/web-facesconfig_1_2.xsd"
    version="1.2">

	<managed-bean>
		
		<managed-bean-name>EventBean</managed-bean-name>
		<managed-bean-class>com.ust_global.Event</managed-bean-class>
		<managed-bean-scope>session</managed-bean-scope>
	
	</managed-bean>
	
	<navigation-rule>
		<from-view-id>/Home.jsp</from-view-id>
		<navigation-case>
			<from-outcome>CreateEventSuccess</from-outcome>
			<to-view-id>/CreateEventSuccess.jsp</to-view-id>
		</navigation-case>
		<navigation-case>
			<from-outcome>CreateEventFailed</from-outcome>
			<to-view-id>/CreateEventFailed.jsp</to-view-id>
		</navigation-case>
		
		<navigation-case>
			<from-outcome>UpdateEventSuccess</from-outcome>
			<to-view-id>/UpdateEventSuccess.jsp</to-view-id>
		</navigation-case>
				
		<navigation-case>
			<from-outcome>CancelEventSuccess</from-outcome>
			<to-view-id>/CancelEventSuccess.jsp</to-view-id>
		</navigation-case>
		<navigation-case>
			<from-outcome>CancelEventFailure</from-outcome>
			<to-view-id>/CancelEventFailure.jsp</to-view-id>
		</navigation-case>
				
		<navigation-case>
			<from-outcome>SearchResult</from-outcome>
			<to-view-id>/SearchResult.jsp</to-view-id>
		</navigation-case>
		<navigation-case>
			<from-outcome>SearchFailed</from-outcome>
			<to-view-id>/SearchFailed.jsp</to-view-id>
		</navigation-case>
	
		<navigation-case>
			<from-outcome>AllEvents</from-outcome>
			<to-view-id>/AllEvents.jsp</to-view-id>
		</navigation-case>
		<navigation-case>
			<from-outcome>ListEmpty</from-outcome>
			<to-view-id>/ListEmpty.jsp</to-view-id>
		</navigation-case>
		
		<navigation-case>
			<from-outcome>EventExist</from-outcome>
			<to-view-id>/EventExist.jsp</to-view-id>
		</navigation-case>
		
		<navigation-case>
			<from-outcome>EventNotExist</from-outcome>
			<to-view-id>/EventNotExist.jsp</to-view-id>
		</navigation-case>
	
	</navigation-rule>
</faces-config>


