<?xml version="1.0" encoding="UTF-8"?>

<faces-config
    xmlns="http://java.sun.com/xml/ns/javaee"
    xmlns:xsi="http://www.w3.org/2001/XMLSchema-instance"
    xsi:schemaLocation="http://java.sun.com/xml/ns/javaee http://java.sun.com/xml/ns/javaee/web-facesconfig_1_2.xsd"
    version="1.2">
	<managed-bean>
		<managed-bean-name>UsersBean</managed-bean-name>
		<managed-bean-class>com.ust_global.Users</managed-bean-class>
		<managed-bean-scope>session</managed-bean-scope>
	</managed-bean>
	
	<navigation-rule>
		<from-view-id>/index.jsp</from-view-id>
		<navigation-case>
			<from-outcome>success</from-outcome>
			<to-view-id>/loggedIn.jsp</to-view-id>
		</navigation-case>
		<navigation-case>
			<from-outcome>failure</from-outcome>
			<to-view-id>/invalidUser.jsp</to-view-id>
		</navigation-case>
		<navigation-case>
			<from-outcome>signUp</from-outcome>
			<to-view-id>/signUp.jsp</to-view-id>
		</navigation-case>
	</navigation-rule>
	
	<navigation-rule>
		<from-view-id>/invalidUser.jsp</from-view-id>
		<navigation-case>
			<from-outcome>signUp</from-outcome>
			<to-view-id>/signUp.jsp</to-view-id>
		</navigation-case>
	</navigation-rule>
	
	<navigation-rule>
		<from-view-id>/signUp.jsp</from-view-id>
	<navigation-case>
			<from-outcome>added</from-outcome>
			<to-view-id>/added.jsp</to-view-id>
		</navigation-case>
	</navigation-rule>
	
	<navigation-rule>
		<from-view-id>/added.jsp</from-view-id>
		<navigation-case>
			<from-outcome>Home</from-outcome>
			<to-view-id>/index.jsp</to-view-id>
		</navigation-case>
	</navigation-rule>
	
	<navigation-rule>
		<from-view-id>/loggedIn.jsp</from-view-id>
		<navigation-case>
			<from-outcome>loggedOut</from-outcome>
			<to-view-id>/index.jsp</to-view-id>
		</navigation-case>
	</navigation-rule>
	
</faces-config>
