<?xml version="1.0" encoding="UTF-8"?>

<faces-config
    xmlns="http://java.sun.com/xml/ns/javaee"
    xmlns:xsi="http://www.w3.org/2001/XMLSchema-instance"
    xsi:schemaLocation="http://java.sun.com/xml/ns/javaee http://java.sun.com/xml/ns/javaee/web-facesconfig_1_2.xsd"
    version="1.2">
	<managed-bean>
		<managed-bean-name>LoginBean</managed-bean-name>
		<managed-bean-class>com.ust_global.LoginBean</managed-bean-class>
		<managed-bean-scope>session</managed-bean-scope>
	</managed-bean>
	<navigation-rule>
		<from-view-id>/Login.jsp</from-view-id>
		<navigation-case>
			<from-outcome>Home</from-outcome>
			<to-view-id>/Home.jsp</to-view-id>
		</navigation-case>
		<navigation-case>
			<from-outcome>Failure</from-outcome>
			<to-view-id>/Failure.jsp</to-view-id>
		</navigation-case>
	</navigation-rule>
	<navigation-rule>
		<from-view-id>/Home.jsp</from-view-id>
		<navigation-case>
			<from-outcome>loggedout</from-outcome>
			<to-view-id>/loggedout.jsp</to-view-id>
		</navigation-case>
	</navigation-rule>
</faces-config>
