<?xml version="1.0" encoding="UTF-8"?>

<faces-config
    xmlns="http://java.sun.com/xml/ns/javaee"
    xmlns:xsi="http://www.w3.org/2001/XMLSchema-instance"
    xsi:schemaLocation="http://java.sun.com/xml/ns/javaee http://java.sun.com/xml/ns/javaee/web-facesconfig_1_2.xsd"
    version="1.2">
     <managed-bean>
	    <managed-bean-name>LoginBean</managed-bean-name>
	    <managed-bean-class>com.ust_global.Login</managed-bean-class>
	    <managed-bean-scope>session</managed-bean-scope>
    </managed-bean>
     <managed-bean>
    <managed-bean-name>SignupBean</managed-bean-name>
    <managed-bean-class>com.ust_global.SignUp</managed-bean-class>
    <managed-bean-scope>session</managed-bean-scope>
    </managed-bean>
    
    <managed-bean>
	    <managed-bean-name>EventBean</managed-bean-name>
	    <managed-bean-class>com.ust_global.Event</managed-bean-class>
	    <managed-bean-scope>session</managed-bean-scope>
	    
	    <managed-property>
		<property-name>userName</property-name>
		<value>#{userName}</value>
		</managed-property>
    </managed-bean>
    
    <navigation-rule>
	    <from-view-id>/LoginUsers.jsp</from-view-id>
	    <navigation-case>
		    <from-outcome>SuccessLogin</from-outcome>
		    <to-view-id>/main.jsp</to-view-id>
	    </navigation-case>
	     <navigation-case>
		    <from-outcome>failureUsername</from-outcome>
		    <to-view-id>/FailureUserName.jsp</to-view-id>
	    </navigation-case>
	     <navigation-case>
		    <from-outcome>failurePassword</from-outcome>
		    <to-view-id>/FailurePassword.jsp</to-view-id>
	    </navigation-case>
	    <navigation-case>
		    <from-outcome>admin</from-outcome>
		    <to-view-id>/adminEntry.jsp</to-view-id>
	    </navigation-case>
    </navigation-rule>
    
    <navigation-rule>
	    <from-view-id>/SuccessLogin.jsp</from-view-id>
	    <navigation-case>
		    <from-outcome>success</from-outcome>
		    <to-view-id>/result.jsp</to-view-id>
	    </navigation-case>
	    <navigation-case>
		    <from-outcome>fail</from-outcome>
		    <to-view-id>/fail.jsp</to-view-id>
	    </navigation-case>
	    <navigation-case>
		    <from-outcome>SuccessLogout</from-outcome>
		    <to-view-id>/logout.jsp</to-view-id>
	    </navigation-case>
	    </navigation-rule>
    
    <navigation-rule>
    <from-view-id>/main.jsp</from-view-id>
    <navigation-case>
    	<from-outcome>SuccessLogout</from-outcome>
		    <to-view-id>/logout.jsp</to-view-id>
    </navigation-case>
    </navigation-rule>
    
    <navigation-rule>
	    <from-view-id>/result.jsp</from-view-id>
	    <navigation-case>
		    <from-outcome>book</from-outcome>
		    <to-view-id>/Booking.jsp</to-view-id>
	    </navigation-case>
	    <navigation-case>
		    <from-outcome>dontBook</from-outcome>
		    <to-view-id>/fail.jsp</to-view-id>
	    </navigation-case>
	    <navigation-case>
		    <from-outcome>SuccessLogout</from-outcome>
		    <to-view-id>/logout.jsp</to-view-id>
	    </navigation-case>
	    </navigation-rule>
    
    <navigation-rule>
	    <from-view-id>/CreateEvent.jsp</from-view-id>
	    <navigation-case>
		    <from-outcome>eventCreated</from-outcome>
		    <to-view-id>/LoginUsers.jsp</to-view-id>
	    </navigation-case>
	     <navigation-case>
		    <from-outcome>creationFailed</from-outcome>
		    <to-view-id>/fail.jsp</to-view-id>
	    </navigation-case>
	    <navigation-case>
		    <from-outcome>SuccessLogout</from-outcome>
		    <to-view-id>/logout.jsp</to-view-id>
	    </navigation-case>
    </navigation-rule>
    
    <navigation-rule>
    <from-view-id>/ForgetPassword.jsp</from-view-id>
    <navigation-case>
		    <from-outcome>passUpdated</from-outcome>
		    <to-view-id>/PassUpdated.jsp</to-view-id>
	    </navigation-case>
	     <navigation-case>
		    <from-outcome>forgetusernamefailed</from-outcome>
		    <to-view-id>/ForgetUserName.jsp</to-view-id>
	    </navigation-case>
	     <navigation-case>
		    <from-outcome>forgetpasswordfailed</from-outcome>
		    <to-view-id>/ForgetPasswordFailed.jsp</to-view-id>
	    </navigation-case>
    </navigation-rule>
    
    <navigation-rule>
    <from-view-id>/SignUp.jsp</from-view-id>
    <navigation-case>
    <from-outcome>successAdd</from-outcome>
    <to-view-id>/SuccessAdd.jsp</to-view-id>
    </navigation-case>
    <navigation-case>
    <from-outcome>failureAdd</from-outcome>
    <to-view-id>/failureAdd.jsp</to-view-id>
    </navigation-case>
    
    <navigation-case>
    <from-outcome>failureConfirmPassword</from-outcome>
    <to-view-id>/failureConfirmPassword.jsp</to-view-id>
    </navigation-case>
    </navigation-rule>
    
    <navigation-rule>
    <from-view-id>/Booking.jsp</from-view-id>
    <navigation-case>
    <from-outcome>payment</from-outcome>
		    <to-view-id>/paymentPortal.jsp</to-view-id>
    </navigation-case>
    </navigation-rule>
    
    <navigation-rule>
    <from-view-id>/paymentPortal.jsp</from-view-id>
    <navigation-case>
    <from-outcome>SuccessLogout</from-outcome>
		    <to-view-id>/logout.jsp</to-view-id>
    </navigation-case>
    </navigation-rule>
    
    <navigation-rule>
		<from-view-id>/adminPage.jsp</from-view-id>
		<navigation-case>
			<from-outcome>SuccessLogout</from-outcome>
		    <to-view-id>/logout.jsp</to-view-id>
		</navigation-case>

		<navigation-case>
			<from-outcome>CreateEventFailed</from-outcome>
			<to-view-id>/CreateEventFailed.jsp</to-view-id>
		</navigation-case>
		
		<navigation-case>
			<from-outcome>UpdateEventSuccess</from-outcome>
			<to-view-id>/UpdateEventSuccess.jsp</to-view-id>
		</navigation-case>
				
		<navigation-case>
			<from-outcome>CancelEventSuccess</from-outcome>
			<to-view-id>/removeSuccess.jsp</to-view-id>
		</navigation-case>
		<navigation-case>
			<from-outcome>CancelEventFailure</from-outcome>
			<to-view-id>/removeEventFailure.jsp</to-view-id>
		</navigation-case>
				
		<navigation-case>
			<from-outcome>SearchResult</from-outcome>
			<to-view-id>/SearchResult.jsp</to-view-id>
		</navigation-case>
		<navigation-case>
			<from-outcome>SearchFailed</from-outcome>
			<to-view-id>/SearchFailed.jsp</to-view-id>
		</navigation-case>
	
		<navigation-case>
			<from-outcome>AllEvents</from-outcome>
			<to-view-id>/AllEvents.jsp</to-view-id>
		</navigation-case>
		<navigation-case>
			<from-outcome>ListEmpty</from-outcome>
			<to-view-id>/ListEmpty.jsp</to-view-id>
		</navigation-case>
		
		<navigation-case>
			<from-outcome>EventExist</from-outcome>
			<to-view-id>/EventExist.jsp</to-view-id>
		</navigation-case>
		
		<navigation-case>
			<from-outcome>EventNotExist</from-outcome>
			<to-view-id>/EventNotExist.jsp</to-view-id>
		</navigation-case>
	
	
	</navigation-rule>
</faces-config>
